building_type,building_count,percent
house,113046,31.3053158611828
<missing>,88024,24.376086932441265
residential,83364,23.085614276061456
garage,38167,10.569414136491021
civic,5985,1.6573988945135527
industrial,5723,1.5848444232750312
apartments,4029,1.115732689389324
barn,3515,0.9733930015397055
cabin,3327,0.9213310145441254
service,2254,0.6241899930214784
warehouse,2215,0.6133898999745229
commercial,1798,0.4979119820109219
detached,1311,0.36304928165534966
roof,1114,0.30849496549508737
shed,968,0.2680638479346899
retail,572,0.15840136468868038
transportation,503,0.13929350775945146
hotel,498,0.13790888044573923
construction,449,0.12433953277135926
school,444,0.12295490545764702
office,420,0.11630869435182827
hut,394,0.1091086323205246
garages,239,0.06618518559544513
church,231,0.06396978189350555
bungalow,227,0.06286208004253575
allotment_house,211,0.058431272638656585
greenhouse,200,0.055385092548489646
kindergarten,186,0.05150813607009537
chapel,170,0.0470773286662162
farm_auxiliary,150,0.04153881941136724
hospital,110,0.03046180090166931
ruins,90,0.02492329164682034
government,85,0.0235386643331081
dormitory,82,0.022707887944880756
transformer_tower,79,0.021877111556653412
university,74,0.02049248424294117
sports_centre,69,0.01910785692922893
semidetached_house,60,0.016615527764546896
carport,55,0.015230900450834655
static_caravan,54,0.014953974988092205
terrace,51,0.014123198599864861
train_station,50,0.013846273137122412
kiosk,39,0.010800093046955481
bridge,39,0.010800093046955481
silo,34,0.00941546573324324
houseboat,32,0.008861614807758343
public,29,0.008030838419531
parking,28,0.00775391295678855
fire_station,20,0.005538509254848965
guardhouse,18,0.0049846583293640685
stable,18,0.0049846583293640685
hangar,17,0.00470773286662162
supermarket,16,0.004430807403879172
sports_hall,14,0.003876956478394275
synagogue,13,0.0036000310156518276
stadium,10,0.0027692546274244827
gatehouse,10,0.0027692546274244827
grandstand,10,0.0027692546274244827
bunker,10,0.0027692546274244827
college,9,0.0024923291646820342
tower,9,0.0024923291646820342
farm,9,0.0024923291646820342
ger,9,0.0024923291646820342
tech_cab,8,0.002215403701939586
toilets,7,0.0019384782391971376
laboratory,7,0.0019384782391971376
container,7,0.0019384782391971376
pavilion,6,0.0016615527764546893
religious,6,0.0016615527764546893
tent,6,0.0016615527764546893
castle,5,0.0013846273137122413
signal_box,5,0.0013846273137122413
ship,5,0.0013846273137122413
monastery,4,0.001107701850969793
elevator,4,0.001107701850969793
wayside_shrine,4,0.001107701850969793
no,4,0.001107701850969793
mall,3,0.0008307763882273447
government_office,3,0.0008307763882273447
manufacture,3,0.0008307763882273447
storage_tank,3,0.0008307763882273447
shelter,3,0.0008307763882273447
stairs,3,0.0008307763882273447
water_tower,2,0.0005538509254848964
workshop,2,0.0005538509254848964
presbytery,2,0.0005538509254848964
sty,2,0.0005538509254848964
shrine,2,0.0005538509254848964
data_center,2,0.0005538509254848964
staircase,2,0.0005538509254848964
restaurant,1,0.0002769254627424482
funeral_hall,1,0.0002769254627424482
temple,1,0.0002769254627424482
museum,1,0.0002769254627424482
basilica,1,0.0002769254627424482
boathouse,1,0.0002769254627424482
outbuilding,1,0.0002769254627424482
education,1,0.0002769254627424482
cathedral,1,0.0002769254627424482
proposed,1,0.0002769254627424482
cowshed,1,0.0002769254627424482
cafe,1,0.0002769254627424482
