building_type,building_count,percent_of_exposed
<missing>,5703,45.38798249104656
house,2044,16.26740947075209
residential,1699,13.521687226422602
garage,1004,7.990449661758854
cabin,453,3.6052526860326304
industrial,424,3.3744528452049347
civic,267,2.124950258654994
barn,174,1.3847990449661758
warehouse,154,1.2256267409470751
commercial,91,0.724233983286908
service,76,0.6048547552725826
roof,74,0.5889375248706725
detached,60,0.47751691205730207
apartments,41,0.3263032232391564
retail,37,0.29446876243533626
shed,32,0.2546756864305611
houseboat,31,0.24671707122960607
hotel,26,0.2069239952248309
transportation,25,0.19896538002387587
office,19,0.15121368881814565
bungalow,19,0.15121368881814565
construction,17,0.13529645841623558
greenhouse,11,0.08754476721050537
chapel,9,0.07162753680859531
ruins,7,0.05571030640668524
garages,7,0.05571030640668524
sports_centre,6,0.0477516912057302
hut,6,0.0477516912057302
kiosk,5,0.03979307600477517
ship,5,0.03979307600477517
train_station,4,0.03183446080382014
public,3,0.0238758456028651
farm_auxiliary,3,0.0238758456028651
hangar,3,0.0238758456028651
dormitory,2,0.01591723040191007
government,2,0.01591723040191007
school,2,0.01591723040191007
church,2,0.01591723040191007
transformer_tower,2,0.01591723040191007
university,2,0.01591723040191007
parking,2,0.01591723040191007
government_office,1,0.007958615200955034
synagogue,1,0.007958615200955034
allotment_house,1,0.007958615200955034
boathouse,1,0.007958615200955034
grandstand,1,0.007958615200955034
manufacture,1,0.007958615200955034
guardhouse,1,0.007958615200955034
water_tower,1,0.007958615200955034
toilets,1,0.007958615200955034
bridge,1,0.007958615200955034
silo,1,0.007958615200955034
proposed,1,0.007958615200955034
